{"accuracy": [0.027915941551327705, 0.05096679925918579, 0.1280154138803482, 0.18694043159484863, 0.21229171752929688, 0.23015108704566956, 0.2464561015367508, 0.258362352848053, 0.27151206135749817, 0.28226810693740845, 0.2975161671638489, 0.3082566559314728], "loss": [4.484253406524658, 4.225159168243408, 3.874422073364258, 3.598372459411621, 3.4516046047210693, 3.3543500900268555, 3.278027057647705, 3.2119832038879395, 3.147130250930786, 3.089745283126831, 3.027909755706787, 2.969745397567749], "val_accuracy": [0.030774012207984924, 0.0831209197640419, 0.166428342461586, 0.1928504854440689, 0.19763754308223724, 0.20360584557056427, 0.20590612292289734, 0.20783337950706482, 0.20727385580539703, 0.20677649974822998, 0.2048492431640625, 0.20062169432640076], "val_loss": [4.3732218742370605, 4.076184272766113, 3.7370386123657227, 3.5893001556396484, 3.555574655532837, 3.521188974380493, 3.500342607498169, 3.507929563522339, 3.5197620391845703, 3.54392147064209, 3.5724475383758545, 3.6591405868530273]}