{"accuracy": [0.02763616107404232, 0.07064474374055862, 0.15876026451587677, 0.2020641565322876, 0.22719784080982208, 0.2481347918510437, 0.26378700137138367, 0.2811644971370697, 0.2992570400238037, 0.31582629680633545, 0.33253544569015503], "loss": [4.449343681335449, 4.095987319946289, 3.719130277633667, 3.5103225708007812, 3.3794143199920654, 3.2785565853118896, 3.190235137939453, 3.1063055992126465, 3.0232229232788086, 2.937410593032837, 2.850867509841919], "val_accuracy": [0.03736400231719017, 0.1252719908952713, 0.18408454954624176, 0.1949642449617386, 0.208579421043396, 0.21000932157039642, 0.2182157337665558, 0.21044450998306274, 0.20826856791973114, 0.21168790757656097, 0.20217594504356384], "val_loss": [4.323145389556885, 3.878380298614502, 3.6307382583618164, 3.5391685962677, 3.490891695022583, 3.455928325653076, 3.448718547821045, 3.4768524169921875, 3.526435613632202, 3.5767533779144287, 3.614091634750366]}