{"accuracy": [0.028537677600979805, 0.06663454324007034, 0.1531490981578827, 0.1949608325958252, 0.2208716720342636, 0.24348731338977814, 0.26335176825523376, 0.28015419840812683, 0.3013864755630493, 0.3205980956554413, 0.340369313955307, 0.3641507029533386], "loss": [4.436908721923828, 4.1051836013793945, 3.7410619258880615, 3.535048246383667, 3.401021718978882, 3.2925000190734863, 3.194268226623535, 3.0999131202697754, 3.008284330368042, 2.9114749431610107, 2.810584545135498, 2.7081353664398193], "val_accuracy": [0.03692881390452385, 0.11812247335910797, 0.17345352470874786, 0.19608330726623535, 0.20609262585639954, 0.21249611675739288, 0.21336649358272552, 0.21591545641422272, 0.20789556205272675, 0.20428970456123352, 0.20037302374839783, 0.19788622856140137], "val_loss": [4.268777847290039, 3.8910930156707764, 3.6831326484680176, 3.5579185485839844, 3.4975526332855225, 3.4821126461029053, 3.49251651763916, 3.5257904529571533, 3.59641432762146, 3.6306049823760986, 3.707756757736206, 3.791466236114502]}