{"accuracy": [0.027169859036803246, 0.050982341170310974, 0.13448147475719452, 0.19262932240962982, 0.220358744263649, 0.23966364562511444, 0.2536526918411255, 0.2683567404747009, 0.2825167775154114, 0.2967700958251953, 0.30996641516685486], "loss": [4.477019309997559, 4.206933498382568, 3.840115785598755, 3.572389602661133, 3.420987129211426, 3.317678451538086, 3.236431360244751, 3.164051055908203, 3.0951647758483887, 3.026888847351074, 2.961027145385742], "val_accuracy": [0.03655579686164856, 0.08287224173545837, 0.16798259317874908, 0.19272613525390625, 0.20491141080856323, 0.2082064002752304, 0.21454770863056183, 0.21243394911289215, 0.21255828440189362, 0.2087659239768982, 0.2070251852273941], "val_loss": [4.34655237197876, 4.044881820678711, 3.7119388580322266, 3.56813383102417, 3.499528646469116, 3.4525513648986816, 3.4624569416046143, 3.449445962905884, 3.5022802352905273, 3.5025475025177, 3.570688486099243]}