{"accuracy": [0.15210768580436707, 0.20529718697071075, 0.22537925839424133, 0.2420884072780609, 0.2562950849533081, 0.2708592414855957, 0.2870243787765503, 0.3044174313545227, 0.32072246074676514], "loss": [3.787149667739868, 3.470411777496338, 3.358146905899048, 3.275134563446045, 3.2041373252868652, 3.1275088787078857, 3.056593418121338, 2.9749538898468018, 2.8974833488464355], "val_accuracy": [0.18265464901924133, 0.2121230959892273, 0.21622629463672638, 0.2233758121728897, 0.22654646635055542, 0.22231893241405487, 0.2239353507757187, 0.21852657198905945, 0.21691016852855682], "val_loss": [3.5928637981414795, 3.4331095218658447, 3.415024995803833, 3.370910882949829, 3.3640947341918945, 3.4181487560272217, 3.4588170051574707, 3.506988048553467, 3.5447094440460205]}