{"accuracy": [0.15919546782970428, 0.21522942185401917, 0.23493844270706177, 0.2504196763038635, 0.2673775255680084, 0.283558189868927, 0.3015574514865875, 0.3209400773048401, 0.3406646251678467], "loss": [3.7386856079101562, 3.4061319828033447, 3.2985424995422363, 3.2160537242889404, 3.133749008178711, 3.052016258239746, 2.9657211303710938, 2.872318744659424, 2.780160903930664], "val_accuracy": [0.19900529086589813, 0.2151072472333908, 0.22499223053455353, 0.22381100058555603, 0.2286602407693863, 0.22548958659172058, 0.2231893092393875, 0.2239353507757187, 0.2176561951637268], "val_loss": [3.4962069988250732, 3.415755033493042, 3.3565192222595215, 3.3420376777648926, 3.3363311290740967, 3.3761956691741943, 3.4307994842529297, 3.5014638900756836, 3.577523946762085]}