{"accuracy": [0.02594193071126938, 0.06744279712438583, 0.15747015178203583, 0.1969037503004074, 0.22144678235054016, 0.2399745136499405, 0.25464746356010437, 0.2722115218639374, 0.2876616418361664, 0.30578523874282837, 0.3230850398540497], "loss": [4.474083423614502, 4.13026237487793, 3.743253231048584, 3.535998582839966, 3.4042906761169434, 3.307647228240967, 3.2234444618225098, 3.143357753753662, 3.0647242069244385, 2.9796106815338135, 2.895443916320801], "val_accuracy": [0.038358718156814575, 0.1229095458984375, 0.17637550830841064, 0.19154492020606995, 0.2001243382692337, 0.20696300268173218, 0.21032017469406128, 0.20982281863689423, 0.21025800704956055, 0.20472489297389984, 0.19981348514556885], "val_loss": [4.298119068145752, 3.8947503566741943, 3.658538341522217, 3.563706874847412, 3.5103611946105957, 3.4702234268188477, 3.4777798652648926, 3.486489772796631, 3.509005546569824, 3.5670204162597656, 3.650738000869751]}