{"accuracy": [0.023967918008565903, 0.04872855171561241, 0.11536309123039246, 0.17812733352184296, 0.21087726950645447, 0.2320784628391266, 0.24788609147071838, 0.2641444802284241, 0.2792215943336487, 0.295448899269104], "loss": [4.505430698394775, 4.234371185302734, 3.8931825160980225, 3.622621774673462, 3.4593753814697266, 3.351496696472168, 3.2619545459747314, 3.180582046508789, 3.1056854724884033, 3.030158519744873], "val_accuracy": [0.033198632299900055, 0.07224121689796448, 0.14877215027809143, 0.18215729296207428, 0.18992850184440613, 0.20627914369106293, 0.20609262585639954, 0.20752254128456116, 0.21044450998306274, 0.20547093451023102], "val_loss": [4.402841567993164, 4.088202476501465, 3.7811853885650635, 3.631237506866455, 3.561070203781128, 3.4995009899139404, 3.5094785690307617, 3.5233418941497803, 3.514507293701172, 3.566685914993286]}