{"accuracy": [0.02856876328587532, 0.09770579636096954, 0.18711142241954803, 0.22418241202831268, 0.24622295796871185, 0.2658231854438782, 0.2836669981479645, 0.303609162569046, 0.321717232465744, 0.340384840965271], "loss": [4.4406304359436035, 3.992337942123413, 3.610065460205078, 3.425835609436035, 3.300865650177002, 3.199317216873169, 3.106515407562256, 3.0201072692871094, 2.9319233894348145, 2.8422412872314453], "val_accuracy": [0.04420267418026924, 0.1554243117570877, 0.19198010861873627, 0.20963630080223083, 0.2111283838748932, 0.21355299651622772, 0.21516941487789154, 0.21485856175422668, 0.21106621623039246, 0.2087659239768982], "val_loss": [4.232905864715576, 3.7708611488342285, 3.5865354537963867, 3.493274688720703, 3.477489709854126, 3.475966453552246, 3.4777040481567383, 3.5010082721710205, 3.549518346786499, 3.666438102722168]}