{"accuracy": [0.02863093838095665, 0.06977430731058121, 0.16688945889472961, 0.21224509179592133, 0.23789168894290924, 0.2596058249473572, 0.28362035751342773, 0.30092015862464905, 0.3234891891479492, 0.3458094894886017], "loss": [4.445152759552002, 4.099010467529297, 3.701801061630249, 3.482074737548828, 3.3432834148406982, 3.2254717350006104, 3.122244358062744, 3.023346424102783, 2.9275174140930176, 2.829551935195923], "val_accuracy": [0.03779919072985649, 0.12906435132026672, 0.1910475641489029, 0.21324215829372406, 0.21809138357639313, 0.2282872200012207, 0.2324526011943817, 0.2271060049533844, 0.2205781787633896, 0.21622629463672638], "val_loss": [4.2887725830078125, 3.8502743244171143, 3.610461950302124, 3.4816198348999023, 3.4471683502197266, 3.4121956825256348, 3.422813892364502, 3.474256992340088, 3.5145201683044434, 3.616534948348999]}