{"accuracy": [0.12775449454784393, 0.1975100189447403, 0.22132457792758942, 0.2397431582212448, 0.25930726528167725, 0.2795647084712982, 0.30024418234825134, 0.3248123526573181], "loss": [3.924445390701294, 3.521549940109253, 3.3864433765411377, 3.283726930618286, 3.18695068359375, 3.0893075466156006, 2.9802420139312744, 2.8571877479553223], "val_accuracy": [0.18230046331882477, 0.21268387138843536, 0.21244272589683533, 0.2237762212753296, 0.21847118437290192, 0.22148540616035461, 0.2183506190776825, 0.20966963469982147], "val_loss": [3.6278231143951416, 3.4698240756988525, 3.401536226272583, 3.377988815307617, 3.417893648147583, 3.394325017929077, 3.454671621322632, 3.6036550998687744]}