{"accuracy": [0.12440840154886246, 0.1990775614976883, 0.22171646356582642, 0.24022547900676727, 0.25813162326812744, 0.27947425842285156, 0.2998824417591095, 0.32399842143058777, 0.3526964783668518, 0.3826907277107239, 0.408856600522995, 0.43749433755874634], "loss": [3.946854829788208, 3.5173699855804443, 3.377027988433838, 3.2787113189697266, 3.184843063354492, 3.082010507583618, 2.9791178703308105, 2.8662941455841064, 2.7330102920532227, 2.6005852222442627, 2.4748218059539795, 2.3336615562438965], "val_accuracy": [0.1794068068265915, 0.1982155740261078, 0.20966963469982147, 0.21268387138843536, 0.2105136215686798, 0.21268387138843536, 0.21340727806091309, 0.20569086074829102, 0.19315168261528015, 0.1964070349931717, 0.1965276151895523, 0.18205931782722473], "val_loss": [3.6222283840179443, 3.5101542472839355, 3.455676555633545, 3.4224681854248047, 3.4527511596679688, 3.4846487045288086, 3.5606112480163574, 3.5084798336029053, 3.763218641281128, 3.823901653289795, 4.276900768280029, 4.3362298011779785]}