{"accuracy": [0.12691043317317963, 0.19931872189044952, 0.2212039977312088, 0.24218490719795227, 0.2616887092590332, 0.2833629846572876, 0.3043740391731262, 0.33138394355773926, 0.35914748907089233], "loss": [3.923434257507324, 3.5028862953186035, 3.3690085411071777, 3.2671115398406982, 3.165226697921753, 3.0648303031921387, 2.9586398601531982, 2.8351786136627197, 2.7120378017425537], "val_accuracy": [0.1824210286140442, 0.20026525855064392, 0.21027249097824097, 0.21557752788066864, 0.21979744732379913, 0.21425126492977142, 0.20569086074829102, 0.20219436287879944, 0.1939956545829773], "val_loss": [3.6243479251861572, 3.502547025680542, 3.451004981994629, 3.4089255332946777, 3.4207875728607178, 3.4852547645568848, 3.5206098556518555, 3.6451971530914307, 3.7635695934295654]}