{"accuracy": [0.1331457644701004, 0.20139335095882416, 0.2257770597934723, 0.2464362233877182, 0.2616559565067291, 0.2816988229751587, 0.30281350016593933, 0.3235798478126526], "loss": [3.890692710876465, 3.4917073249816895, 3.362025260925293, 3.2603132724761963, 3.162950038909912, 3.072943687438965, 2.969618558883667, 2.867180347442627], "val_accuracy": [0.17331190407276154, 0.20139335095882416, 0.21103966236114502, 0.21564844250679016, 0.2080385833978653, 0.2202572375535965, 0.21939978003501892, 0.20728830993175507], "val_loss": [3.6364240646362305, 3.546701669692993, 3.4311609268188477, 3.4074957370758057, 3.425647735595703, 3.4496400356292725, 3.4920549392700195, 3.672987461090088]}